R1,R2,R3,R4
,,,
,,,
1.268443943119355,1.072471018754189,1.2953144648451156,1.6210172755659202
0.8762369447719645,0.6343218974083653,0.7677329075114736,0.8364751096478966
0.5273904054520548,0.34379778700953284,0.19024859247079945,0.3576792682669797
-0.13578784583118347,-0.3311141816362687,-0.5631352750988459,-0.4462484953386251
-0.9854646302525377,-1.2440987243511819,-1.4992455401250255,-1.1709222200429195
-1.7013755988373123,-2.0545845671062697,-1.8151212955763323,-1.5265559250974805
-1.2945513963377855,-0.6730576522486008,-0.749509243078379,-0.7693696315582698
-0.6302161315164556,-0.21626669317839797,-0.19841383844205546,-0.26697021814497085
-0.17591737916153358,0.07397245459903623,0.12615175422349822,0.10564320535894244
0.5479083458505001,0.4046648887031819,0.5564388960412022,0.6246414041493902
0.7627559655916502,0.6957581624658613,0.9264638916672661,0.9331794119475323
1.2128026493022128,1.2234199087741913,1.4155839118309863,1.3526659959921246
0.9483506648014793,1.215618979573052,1.4422867879984327,1.362974002255222
0.6352138966729327,0.9265474386886386,1.056789541641287,1.0911889642990173
-0.08032393896985718,0.09474053597527508,0.24328795087707414,0.4072236994555917
-0.833283208431696,-1.0561285713353021,-0.9527647240707167,-0.5117643333728535
-1.3291353358019522,-1.8207664361471287,-1.6218252648524278,-1.3672000869415613
-1.3432269472685467,-1.6550595006208122,-1.150857623510611,-1.3609560636864575
-1.0743572642652217,-1.5985851995282305,-1.0950108135258958,-1.6568536392642494
0.08920959733166815,-1.0315401106104771,-0.43209109812374624,-0.7473893840041147
0.2541115678624903,-0.9249027086186534,-0.08992265939063494,-0.22748418069991092
0.7879321925727768,-0.07994861452772806,0.5679211471053686,0.6993612576021309
0.6634350033084595,0.3914422482426491,0.9758332026896512,1.0565457570994372
0.857758597217138,0.7509063516515335,1.145599042041935,1.1045277655285837
1.2048969248474617,0.965738450621319,1.3536087319286485,1.192858210587896
1.0854839494688895,0.9547413521317217,1.2034339961863347,0.9222551302161587
0.7846625866119651,0.6438935831915372,0.8131532649608579,0.6719372646401741
-0.47607211638385116,-0.21886003781186475,-0.2283844334688035,-0.49509972123769586
-1.343226947268547,-1.1882205606730303,-1.3234050302933205,-1.1554466353843138
-1.5524807732883021,-1.7221065104480573,-1.721717230349618,-1.5083061824571073
-1.1037626438439432,-0.7951179105015419,-1.0141457296301453,-0.8833953752805125
-0.6913224672480762,-0.47118272106617276,-0.5260148130081755,-0.5394679727515924
-0.4840585022385452,-0.057162460132863815,-0.035986796407749315,-0.0503124478616122
-0.07309948687965095,0.28406486640117207,0.45889850944263244,0.2259173892209866
0.7323179314569956,0.9639092941480609,1.0361536678885392,0.8891655919335804
1.219759927195654,1.4517240604114217,1.470047686243706,1.595443857989867
1.4914734300970016,1.8083622468984624,1.6864347057228954,1.886318153120569
1.0100557326799688,1.5961299399846998,1.2722924539450298,1.5285798716788719
0.29812862579888366,0.9920976460064181,0.546822565195578,0.5601323956878139
-0.6599295073246371,-0.1192051865184897,-0.6467844744003141,-0.5194049173571398
-0.9596807966231438,-1.3571738833860187,-1.1096470491673491,-0.8996995196646823
-0.7061061900927286,-1.22254479366559,-0.9657823327426011,-0.6818785180294797
-0.2447373781692774,-0.73071077298651,-0.5826717207918932,-0.38917235019288027
0.2568460992576684,-0.14290728499881367,0.06633096863271744,0.10975179254897613
0.5328390522453655,0.09189104332235032,0.298532255113736,0.43669850941185423
0.9995358652351473,0.6565868192150579,0.6007485115819767,0.964973181630815
1.1885501111802164,1.1949707729761634,0.8615956208620238,1.486354786189424
1.4158148182348227,1.745437986150871,1.38590485445434,1.9216725132580066
1.1106502609881517,1.6975747585830985,1.4568631319399574,1.931498222641261
0.5521105587589502,1.1518751236354894,1.0655075998008243,1.3919611885899048
-0.27565769602649776,0.12297677836434773,0.1077677338111345,0.4349769303686517
-1.0512601800397339,-0.9102417123416519,-0.6819431014125028,-0.5982159481690138
-1.603705538135447,-1.6489394272168238,-1.463163630293808,-1.6400408576400096
-1.2996817943194894,-0.950261653269948,-0.9888947439653648,-1.0504321485142327
-1.3031130960802533,-0.733223718164486,-1.053902917598141,-0.9957818967909562
-0.754817907913364,-0.4527660810639929,-0.44100006766884836,-0.4217169252244351
-0.5903434392411839,-0.4038295452276071,-0.18220689718656027,-0.5041650732782947
-0.025598740209087787,-0.27347917860368576,0.16393884122195837,-0.08331190462492365
0.44848826676979947,0.3598145524515121,0.6144870082609871,0.7912338739475948
1.0090556220838687,0.7744647748179572,1.0408119029382021,1.2093014358723304
1.3953977042536274,1.343064725057652,1.37548514365502,1.5194326655855002
1.0571372361028681,1.0417161533160397,1.0080160022083335,0.9345413014916873
0.5622849678790833,0.6780920649768714,0.5365166256789279,0.5504010834816343
-0.6367730297669654,-0.42359804173084936,-0.48750311170357186,-0.4816096964610787
-0.9937012039733902,-0.8729635302204077,-0.956006482939137,-1.0811586340400077
-1.5194905937976744,-1.4119416970429568,-1.5124457965597526,-1.9641987978414062
-0.5946083987700842,-1.0661199588630486,-0.5595013662853314,-0.9393266918555836
-0.0867680212590947,-0.5962455040427069,0.12137362139387467,-0.38498019761665864
0.2934306134000627,-0.1778862692277428,0.5079117081692726,0.039622011068353835
0.46037151297300777,0.27509483795004985,0.8329911246816551,0.7642244180634837
0.8688614958953448,0.8994080147280303,1.1559884704078425,1.3451958502763428
1.1810454287228391,1.3609781538533325,1.4682933825900988,1.7305683654568653
1.3239166720312994,1.5018332871874687,1.4739908010980858,1.6173782213503887
0.8609357442688307,1.02752057143189,0.9843162032702784,1.0552529998985685
0.21406767393287912,0.2492183630979809,0.3166032973699748,0.35049607648900316
-0.8721440154339943,-0.6972700635241912,-0.5248329149404157,-0.4506212104851665
-1.3993182377078284,-1.0627793595668806,-0.8911549622931595,-0.7823684855231933
-1.5714368689289122,-0.9901681776074176,-1.1720203657628667,-0.9542631034928892
-1.084580340880088,-0.4176383377699859,-0.8652001576468541,-0.4060616915607099
-0.6789174155144181,-0.44668111516351633,-0.6662077548884965,-0.2721395282908544
-0.28817147029574675,-0.4107170651152193,-0.528381464587526,-0.1418170048658612
0.0840274161082693,-0.3061363819997764,-0.27389768608062903,-0.054825164640446296
0.6822585163782746,0.21368247246187186,0.2017397595735825,0.36751233495337704
0.9975273744574612,0.9330494096264055,0.8565733693707328,1.1713795816803372
1.016048563595531,1.1049822022707874,1.041845863996094,1.1701465809662066
0.5286023081278335,1.0069608221212818,0.9523491652493865,0.8967911748672751
0.029191874855752795,0.3301363760796711,0.3900517638610103,-0.1622011222820861
-0.7761581670331827,-0.607596086071501,-0.4276561280843112,-1.2378934514106097
-1.2792776662848098,-1.108766869249518,-1.1856916151258017,-1.6153908448299092
-1.9703462286879543,-1.7221065104480588,-2.085966182927567,-1.877606583739378
-0.9172385438057178,-1.0347871162879891,-1.1375877258103309,-0.8416024244052752
-0.3895918482494733,-0.5894818985398064,-0.5716499957452145,-0.44334071372756384
0.6084177436345952,0.299973619463182,0.482887817331663,0.5209246469026263
0.8788659365953896,0.5337931434598524,0.8732721991986035,0.9943479761936649
1.4201407914168838,1.0558257135243403,1.490142628230172,1.8409304413807928
1.3023956690756802,1.0430425568694035,1.4506886718901257,1.8123898895848638
1.173049578011692,1.1255578076747081,1.398085600324902,1.707480668808184
0.6415778667743005,0.5999209701512488,0.7960115941844087,0.8371858486648729
0.054914359397908265,-0.06655199892653166,0.08432157820871772,0.2220669134285655
-0.6822912500610633,-0.9917314798625962,-0.7592411975580411,-0.5982159481690142
-1.5235662361284934,-1.8170306008145667,-1.5811639502205765,-1.285963543700988
-2.035760909416452,-1.9640021247603034,-1.7484241254265103,-1.814331145853373
-0.6935881321285301,-0.9623920942370987,-0.7220819012149683,-0.7936173646721673
-0.36229807991313046,-0.40776116223438363,-0.24505608932276143,-0.19142938846582538
0.5091362933194515,0.33760054503347864,0.49082273205466714,0.2658675508694004
0.5412897224569262,0.5349134361852188,0.7100877608454295,0.45297879737520674
0.935012191969031,0.6380495339753597,0.9307977339733131,0.7671604769793903
1.050250342211947,0.7957934726173267,0.9507395548208109,0.9696712905847201
1.48174923346297,1.0319660174901377,1.1246908940641918,1.2781550751477009
1.3265955840889143,0.9399950345944516,0.9539576911103028,1.0726465001972196
0.6490774476212838,0.34874072389696775,0.4413970326560252,0.6734701354928069
-0.7524643709474377,-0.7395283335755748,-0.6571100569179492,-0.5301722506471253
-1.8722998453408422,-1.5674722774368814,-1.5231306272611447,-1.127628356842136
-1.7823280710405371,-1.8709816449173138,-1.5558799331322013,-1.1053758197074708
-0.9745535410690913,-1.452730824228113,-1.2884288845801506,-0.7437623600977339
-0.48405850223854624,-1.0462273027423243,-0.8804044641672021,-0.544139226940899
0.10321051867702585,-0.6087365663876413,-0.12990738071656965,-0.0036506363119145394
0.42073044661234493,-0.18972410396609357,0.42169748982626903,0.5043612274650071
0.7189183261084912,0.2955331366790413,0.7839352766775805,0.6765325576472608
0.7300896824649152,0.5174771183979351,0.9095948751324527,0.7905082426806945
0.7966304917383403,0.8139786313475833,1.07164302326588,1.0055992195178916
0.3687274112480176,0.5197356436840457,0.7207876822178082,0.728679019328156
-0.128355668536851,0.134142378853519,0.06304064227298627,0.25075035993804407
-1.1863625306804413,-0.8757894438408816,-1.4332057962777207,-1.2214355951994307
-1.4425738155015022,-1.2865625707189072,-1.8599116999009242,-1.1301285596657227
-1.5756898364771055,-1.5509477867548616,-1.5531097213150327,-1.2462188337858557
-1.3592634723076142,-1.1263092706622726,-0.9989332510402652,-0.6427432622730448
-0.2720978132927585,0.17606271492406345,-0.04471448058734409,0.16529786175511663
0.2887225344762748,0.5797632362910345,0.292714024073598,0.4504171515745294
0.6404220241687718,0.7387751629844028,0.54682256519558,0.5332586004881341
1.0757425523079913,0.7644716887720173,0.7636641177510369,0.5577039115754509
1.6813368734408094,1.3080437853189633,1.3568101774400074,1.3377041483375134
2.139953437991781,1.502936149894777,1.4818602071784148,1.497787840665821
1.6276884292954594,1.090732369041187,1.0608959999281573,1.1842890920948852
0.6119298459020095,0.036816776146909515,0.04150570845544945,-0.048060676471607416
-1.014496892303311,-1.133407643018847,-1.0022976133363066,-1.1226447813222735
-2.016649392695908,-2.7977177693960456,-1.927490421212672,-2.239330970714657
-1.1521196746820777,-1.2342451270533497,-1.3413208702766475,-1.508306182457109
-0.4582354934679903,-0.7058548808865808,-0.6137388931662565,-0.4756550317302449
0.5182811307793833,-0.09026940148543652,0.2485115815907063,0.44442700599084717
0.8704437249685286,0.139004680978653,0.6788833971038155,0.8513533827401016
1.212802649302212,0.5764753149395471,1.0711323196816198,1.1095899283678037
1.2442061724466973,0.8965815747955868,1.2675691324326088,1.2208079845227986
1.3417295937992832,1.305268652680219,1.4458275589714942,1.549982844761959
1.1852692875018274,1.2713236700787842,1.2552483562709196,1.5786152344358624
0.7544914134161335,0.9889324430760998,0.8125839415619736,1.2001797175242077
-0.03894244275991732,0.10326050885402649,-0.16521736948134236,0.6534556636906964
-0.825873286726547,-0.7898392338790495,-0.9223766324647366,-0.132313225142947
-1.350329991232707,-2.0545845671062697,-1.852289834251054,-0.5917421223858123
-1.1722518083046953,-1.3011255466375835,-1.3079659944851851,-0.9913417727854599
-0.6981289723020084,-0.6387446059471835,-0.7606372147188718,-0.3101490419598883
0.16329490043698172,0.007084614161340852,0.1309175300501536,0.2929577265644769
0.7830261920257848,0.38963196877713296,0.7367418542176116,0.8064172058665879
1.0284907823368545,0.5917731814076944,0.949128857847045,0.7576038012499628
1.334617519350135,0.7316664167296936,0.9763642674347905,0.956897088379659
1.0095557241067892,0.5797632362910345,0.7584220124057697,0.6932974699590908
1.3875408701300884,0.8076066592834306,0.9101409221251909,0.9338604575288791
0.8893552672229955,0.6423014022661545,0.5837665266466565,0.6215024612371773
0.6473488308282888,0.4373242856362154,0.21771094039039193,0.2191737234722344
-0.4971153000650445,-0.4335874160031022,-0.6636023699749739,-0.4288890292216654
-1.272544967388201,-1.3956428307242839,-1.3368142043104558,-0.9478388216801679
-1.1974381151962892,-1.8282903063418448,-1.721717230349618,-0.8553763578090475
-0.8160479807841634,-0.7395283335755748,-0.9888947439653648,-0.6494671908066385
-0.38391070231348123,-0.2924414002781233,-0.4567180327308911,-0.33422949887809056
-0.09485298573842615,0.01157862296740992,-0.0032130320754944156,-0.1865204761200453
0.398406476163371,0.2505210495317872,0.17404212518747186,0.0007265512753765755
0.8112413988241793,1.002916748050035,1.0158646927651303,0.8028115901892365
1.485980994873031,1.7608802752260764,1.7661985660509543,1.6968786179529658
1.5363063546607751,1.9346991823607897,1.9840299050847503,1.890582609435365
1.274812169981332,1.555707256363867,1.5010030603778204,1.4306780491290523
0.3576591920108309,0.5917731814076944,0.4440993299260247,0.25075035993804407
-0.48606084924173976,-0.31718499789529536,-0.5060503469558562,-0.6511534779252536
-1.094877137008628,-1.22448559996274,-1.2608026586963947,-1.354750297687318
-1.0801900716728818,-1.2907017947398693,-1.4088788547077171,-1.1004904476849844
-1.2962593309744173,-1.4237568901608866,-1.3664483791616706,-1.1683277014020423
-0.531738610927889,-0.6469436826078131,-0.29612772618981703,-0.5693222878803954
-0.055550253400416666,0.03386741101621263,0.5837665266466565,0.017041055135923633
0.5054683178218576,0.6660556940110823,1.0205617735371104,0.6159979151828671
0.697552746428349,0.9616207767544986,1.1096491831865614,0.9541987903370929
0.823084705508424,0.9629941637318598,1.02108311237809,1.0141669065680667
0.8343385312923222,0.9907416656407283,1.1191860837099714,1.070077648059087
0.8945840517427083,0.8998787395480846,0.9896029488494315,0.8150467838792977
0.4802480309917589,0.636452806335012,0.5013556289928458,0.4401371474934897
-0.09566331944618836,0.042699897801466075,-0.23620866297525905,-0.33828065513073563
-1.1910983119821459,-0.791156761213824,-1.1023064008484857,-1.059798372286482
-1.6966478808248824,-1.3159047875984915,-1.5071451805007088,-1.5953439837599472
-0.41442127813109286,-0.8381964927792763,-0.5863644386786911,-0.8613268444098099
-0.11439432379105978,-0.6838961967383328,-0.20321099431531425,-0.4594067715224249
0.34456728016448834,-0.45989904605923626,0.30143487235603933,-0.07872083459061943
0.5753873988195124,-0.07599678238882222,0.668585381688933,0.27056648713032483
1.1683354178380894,0.8823952248244857,1.2770072632095055,0.9304532102063704
1.5878618746591264,1.5911542278302684,1.9136199514994379,1.7539688030116989
1.6377672891953376,1.7332941455532525,2.0510995975201585,2.1488557533981107
1.3315005097341566,1.4427152757520874,1.7874787025071506,1.9778582520448722
0.7031932269816549,0.6786138035807627,0.8660507505993265,1.1064273163931546
-0.3971948980054619,-0.22927799735440432,-0.37648542301600485,-0.24519207704906038
-1.4755215991150867,-1.2844993608150688,-1.627774122520056,-1.545163465121089
-1.67792684058356,-1.2460809256728822,-1.3804054202075127,-1.178743024150609
-0.7833360003000954,-0.6481192415639387,-0.6200342545193344,-0.3835854618012984
-0.3576338158876777,-0.47221309275525225,-0.40349153904848,-0.2350486056990829
-0.21863520457201885,-0.3033871751640041,-0.082752288915034,-0.24264998919549896
0.41691901673599174,0.21965452579066616,0.4004256568415739,-0.19758705025284967
1.2076897150278514,0.9349036703963595,1.0990658706214376,0.49017412502593144
1.4927394983842364,1.15314125635364,1.3398446576043468,0.7919592660432815
1.2556647635957936,0.9911937482125405,1.1825103073304222,0.77009259461965
0.46908853453023996,0.3902355883517169,0.5403872620891789,0.19488337305749143
-0.1574206264848689,-0.2007987574771191,-0.20609600528319194,-0.2337853140996406
-1.0089224643071462,-0.8381964927792763,-0.9207972767937175,-0.7898566154809101
-1.4853790163791711,-1.3201682396198633,-1.1778596673633621,-0.8713087535751788
-1.5134022632449833,-1.1157494017101461,-1.3572433437877183,-1.533955076044594
-0.9055143057877223,-0.9639175068666315,-1.2075086833906459,-1.2323792178324013
-0.4425319295108666,-0.6213479659675238,-0.8743012963974848,-0.4638198259460258
0.15399683183929758,-0.1686485096950424,-0.225459989829518,0.27431709656298797
0.535860631773578,0.33325010775916886,0.33664721957703164,0.8186325467870137
1.363403044422471,0.8814462358301123,1.0980555892777422,1.21233461313322
1.5491730527553704,0.9911937482125388,1.4039309135109908,1.4189544877401734
1.5722801839446077,1.123422785296167,1.4949264444621708,1.5387671246635584
1.005051436041621,0.8305559020204358,1.003294576245559,1.2286505314699812
0.4162831577106031,0.4496485266964273,0.35860395699729203,0.6611759853808173
-0.4308456247148369,-0.4087457764044325,-0.6584061137209524,-0.39197377158695285
-1.8264034641545992,-1.513527538528956,-1.859911699900921,-1.607319610685494
-3.1824557084894614,-2.2317952437187794,-2.831802992643959,-3.1075632486456466
-2.147768697128388,-1.6991656126054127,-1.3300890092939985,-1.8143311458533717
-0.9396362364612045,-0.7845833017919561,-0.5789884480219328,-0.9038099918659861
-0.5723371436023126,-0.48776190183310497,-0.1736904566759049,-0.33018925042220715
0.19797957055575174,0.07613272690856164,0.3747390939552095,0.48430300775213253
0.7753755916292048,0.8465259409249755,0.7648273775025138,0.7832387288036522
1.4553786634409704,1.253164334888191,1.2294709989172181,1.066219198249629
1.546686941370011,1.6162954793227762,1.510957390135235,1.4161555115280688
1.2707199369846964,1.2523541658975506,1.2864115116525283,1.2722416743328329
0.4516213939860544,0.736239067308925,0.7082994209292008,0.865431962418581
-0.2953604522759223,-0.3930735000302209,-0.4817541940805656,-0.5194049173571402
-1.3238896925355057,-1.7287774054135938,-1.2884288845801484,-1.4487276190045817
-0.8772306275776653,-1.3910365606738915,-1.227710494362856,-1.4285410912208816
-0.6789174155144183,-1.1844759470087052,-0.8442086547426929,-1.0342234417130929
0.14681648798333166,-0.5311873581320149,-0.05260700238051496,-0.307496989004089
0.29006873039488423,-0.3901541140561474,0.1396229672508052,-0.05369583533480358
0.562882104066009,-0.08549765828939954,0.43055190638335483,-0.029042446807825452
0.9138396044621422,0.42610507883003096,0.7249349119689577,0.17916493090737445
0.9945117995556534,0.6853845088040975,0.9002926547309194,0.14026483230468373
0.7764699597562333,0.9270124892050211,0.8554558363917864,0.4521252847961802
0.22380170371715763,0.3914422482426461,0.3642310057646619,0.199767497061752
-0.12670793786242596,-0.013291703789609826,0.0027582044422847134,0.020285247828194963
-0.03343716798837822,-0.8300010687319228,0.03315371850837094,-0.20997503068989357
-0.5576513684409408,-1.007485249403339,-0.27590590713805957,-0.6749888545397071
-0.7501143065432478,-1.1175021598261243,-0.28699627560606333,-0.4202867460596396
-0.8544725465910611,-1.315904787598491,-0.6416499803964562,-0.5885167039867226
0.27859963059203013,-0.5419935381120776,0.05974430486936219,0.07032503604427338
0.793372138613107,0.139004680978653,0.5869215234079488,0.4306663629547465
1.137974134742476,0.713789042146573,0.7971583852273393,0.8527652187754834
0.6969879872030305,0.724023256904975,0.6533527681826027,0.888471085298028
0.5515106998409283,0.566579095373992,0.3628257341200759,0.6757673663850424
0.771541546707043,0.5287439613877059,0.6182187104278638,0.4237496698144638
0.717798415811818,0.5027331169169086,0.5268087493151777,-0.005843488018958643
0.5060800473505604,0.20902360702900272,0.31011693365623166,-0.3315347925514675
-0.573391026030118,-0.525816583044044,-0.5716499957452134,-0.8854214897769819
-1.0627623597512195,-1.3201682396198628,-1.1527656834666324,-1.2378934514106097
-2.0134980163982434,-1.4953780676314556,-1.7021738154948496,-1.5339550760445952
-1.2377407916469974,-1.564696963959259,-1.096830522846104,-1.4055005175788255
-0.6879298826038919,-1.0812804631178343,-0.5728704847023415,-0.6957669501063879
0.04436197126214607,-0.5311873581320149,-0.16991932168305288,-0.2426499891954998
0.0691491055869774,-0.35368222855509857,-0.3032662780839255,-0.16461640958932872
0.19657487285229705,-0.1420839702046057,-0.10073482548518392,-0.24011205959334847
0.24245122054695678,-0.09905494938345014,0.18948001762528685,-0.06957692154743363
0.39904736089880494,0.21235261673745678,0.4702615979283632,-0.08906884499834174
0.29544527661408143,0.041965640945186074,0.23054231591037178,-0.3154671313955872
-0.36791116599216805,-0.35747803917780685,-0.41223455738639014,-1.1477899765840474
-1.0370100874469261,-0.9808335858708288,-1.1623531411734236,-1.7602072356927598
-1.7621694569719843,-1.1157494017101461,-1.6100351049363995,-2.0613183663566645
-1.4953149224903106,-0.9608687209511624,-1.1778596673633621,-1.526555925097482
-1.3379248432249249,-1.1018294010561793,-1.0381909356548316,-1.5228778781729404
-0.4602083687950155,-0.6899577496576217,-0.4133309508102524,-0.9803145551557441
-0.08838235034503328,-0.47737653168569005,-0.2539519885859724,-0.6047207330217307
0.13238185868301824,-0.18717973868722834,-0.11799551126767957,-0.3450570269579317
0.6918993116758161,0.4821332732922048,0.3670385790520787,0.27056648713032483
1.262061503196735,1.088132245452628,0.859922743476659,0.5858587830620177
1.5225497380243178,1.406747795883003,1.114171194072489,0.7279322515957862
1.2290097271115283,1.2757425587183437,0.8233769854574554,0.3522944082077353
0.5682495782923114,0.720958216361726,0.19638592663218837,-0.17188429475961783
-0.255280914388603,0.051485914024304635,-0.6112285247404915,-0.723994017465291
-1.1769394136317441,-0.9623920942370983,-1.4088788547077158,-1.226893382760204
-1.9058953660291236,-1.2783350876504491,-1.5204488604032869,-0.9120730717531802
-0.8062841653690574,-0.8191601014051421,-0.7564534851457003,-0.5756906078777548
-0.1432486889284262,-0.18379379494778797,-0.1088891219818599,-0.25924867714449956
0.9514191935512221,0.532111514530765,0.6667630567283054,0.07347030892171788
1.2155876190325907,1.150608324714701,1.0629466648760095,0.7166995727916271
1.497377218925839,1.4483493875870073,1.335240807303883,1.0448856226922658
1.385354694159447,1.6934636207321265,1.3522355106168131,1.2484493302983266
1.4378117645043025,1.711576063624152,1.3176731186242339,1.0597745903884774
1.2501703962830029,1.6110030960023485,1.011158522429765,0.7795949282463125
0.6288331456350413,0.965738450621319,0.35154767599214776,0.060854820766146234
-0.3143663016158418,0.013073911248448073,-0.581442916753401,-0.8125912911588966
-1.5928529857963882,-1.2948582331535152,-1.7899815168961533,-1.8721466248449568
-2.303042071333285,-1.9203376690312552,-2.227269077472192,-2.293875424879162
-1.2410171095649731,-1.1351896521107023,-1.5258195077336156,-1.7137783828416482
-0.531738610927889,-0.5638706289782986,-0.5595013662853302,-0.9120730717531798
0.0031397703845002485,-0.09505549514214544,-0.05965284018763242,-0.3234795402960024
0.43338940715808627,0.29108182642283914,0.4775809210429751,0.22687874305117106
0.5473074191430661,0.8290982713213833,0.5913307109623881,0.6425994541092458
0.733431307082563,1.0972201960174033,0.909594875132451,1.061709797397686
1.0791560033283452,1.3092321934611961,1.0945163727487799,1.1215704031862983
0.9236725977772451,0.9866689036640733,0.909594875132451,0.7472648743962693
0.5461051067617656,0.4473071396284117,0.298532255113736,-0.00036668412136199054
-0.8670742388279024,-0.649295873382756,-0.9905621871615846,-0.9266711507581353
-1.4502491020525246,-1.9331796472442284,-1.6611607937358095,-1.1554466353843147
-2.0552320311842234,-2.206277644677697,-1.7829238921396016,-1.4939532740889294
-1.3379248432249249,-1.1586324287007161,-1.098653016862222,-1.1201613476008
-0.7905466565442553,-0.36414486990436445,-0.5863644386786908,-0.7546742949333468
0.014674684202378179,0.26608019992310233,0.01886503556189089,0.09118686630716616
0.3829704966211548,0.4601496878430469,0.4901626484410418,0.5633658949701746
0.7517304833598178,0.9017606451885908,0.8165662377313165,0.946762198780481
0.8348731919031506,1.2640758302425643,1.0680658792011366,1.2262400508566507
0.9844351551352255,1.5223453644220526,1.121689768528829,1.354960191829805
0.835942177589026,1.2519489821646121,0.8397534978933101,1.0892773904539546
0.39005841416546777,0.651307485511583,0.12694690606269146,0.29758897814499435
-0.48706288997784747,-0.25475568473007093,-1.0381909356548316,-0.9372081154580596
-1.718076290719677,-1.220607647774921,-2.2891787647669273,-2.322806352114601
-2.3729864506835883,-1.6219207162249358,-2.0189634434775905,-2.322806352114601
-1.4541043026224854,-0.9578280657506776,-1.3641397359984595,-1.1554466353843147
-0.3801332574146192,-0.3339160641880759,-0.5224719645889921,-0.4697251614324813
0.023092028939612718,-0.07915746607304032,-0.1034485927409118,0.124056794954675
0.5424944904152667,0.3530550396199849,0.5020121664472046,0.5184487980889987
0.6305750214328606,0.9181600145718875,0.931879958118692,0.933179411947532
1.0825651834414516,1.3230557948837476,1.3144242380686189,1.19102445970717
1.012054833417285,1.204903665290623,1.243346222974222,1.2484493302983266
0.7797502103934082,0.6853845088040961,0.8211089807582912,0.8842995720154692
0.018505084134943173,-0.13551302181788644,0.046498267657089185,0.2191737234722344
-0.9120165449267574,-0.7858951657867738,-0.8682267775058558,-0.7861070163563454
-1.6849120368609902,-1.6489394272168216,-1.8224335676988466,-1.704780164055401
-1.5073437744369453,-1.136974651734778,-1.6611607937358095,-1.4903983271821737
-0.70040417004571,-0.4077611622343832,-0.8323631511691176,-0.7045224894185462
-0.05475624727716034,0.05949947770746819,-0.42323403973241946,-0.228742371157692
0.3307375345760006,0.4584034605299687,0.08350768355263143,0.263042465683674
0.5919596071908629,0.8728869774216629,0.5281057285229618,0.4315292347485906
0.9247055012841663,1.3849258843911754,1.0583302661683913,0.7576038012499628
1.2870539294740557,1.5314520765423372,1.2227458832458236,0.9037013998203736
1.304644932590531,1.509543771358846,1.1966403941241621,1.0429367023407106
0.9869578955470344,1.0619719553707176,0.7937162790717668,0.5946284773461655
0.08699025226319429,0.3908390147858064,0.11418306862520498,-0.19512110260936055
-0.8320457633816242,-0.5290364836635535,-0.851666888395219,-1.5228778781729404
-2.249797235017963,-1.6519940499543004,-2.066263705293232,-2.0476511623225115
-2.303042071333285,-1.6308341567559457,-1.6830255103313045,-1.866722369264911
-1.4676911771627932,-1.3660886873753135,-1.4555930337666925,-1.877606583739378
0.0691491055869774,-0.40874577640443205,-0.08275228891503414,-0.47417024989272577
0.49995552191068093,0.12996375757430187,0.2948978974121006,-0.08906884499834174
0.6771391805874328,0.5471950555385033,0.7688940739350555,0.7114375163240753
0.5473074191430661,0.8017081414102497,0.8593648498716571,0.8954066077468366
0.9889743665907734,1.2077931720421997,1.2318685904470335,1.3606868549016744
1.2487951463679732,1.3446274150017112,1.2438233566540369,1.2183899476653748
1.0811046282911958,1.2873550496610733,0.986432292571412,0.9064596304734898
0.4181902022233793,0.7397887510265533,0.2199815981038266,0.07347030892171844
-0.3107309322862479,0.02424569549083357,-0.5402723397572083,-0.8633167486853798
-1.022898615428302,-0.8857338653758039,-1.5231306272611418,-1.4285410912208816
-1.517457812564777,-1.7089212645353205,-1.7151576682178407,-1.7274502926104254
-0.7152714715614055,-1.0429465661996002,-0.8546621514507318,-0.6801527261196277
-0.34556275186438273,-0.2698946294156715,-0.3467865839425464,-0.4404387865022105
0.11857628850037492,0.09829570396333,0.20631671500502552,0.10255544369141086
0.41501090643974725,0.5527526099831758,0.41417499784947526,0.3504960764890041
1.0020443550564848,1.096356179440042,0.8898523048237651,1.0591291728990915
1.3536919960493652,1.6814383345830122,1.290632457470541,1.4830792983793863
1.4489637163193891,1.8485903756557662,1.4660989341691586,1.5985879159496448
0.9034488934130857,1.3621420728537472,0.9996159857140764,1.0240141507052143
0.351777323536387,0.5588480647413913,0.21846812783792732,0.31416751778966207
-0.8209528867105712,-0.5594664682896165,-0.9176444353926019,-0.6905415716206992
-1.055562747783102,-0.9175490465657399,-1.1817689940680096,-0.9913417727854603
-1.216635065226923,-0.9397519499219316,-1.2338417830005106,-1.4120290845912438
-1.1383502960129732,-0.8436914414670508,-0.9543845577361393,-1.1351459499705638
-0.39814755982922756,-0.1119214612273392,-0.18600604792409586,-0.45500726800296454
-0.17338454944847867,0.06747499858635216,-0.1354335951356409,-0.09832221995421385
0.5551075734528533,0.6676296288631438,0.35719470436532935,0.3196614187633687
0.9319244384645762,1.120430541884735,0.8532191538327456,1.0629990654632202
1.1560411411957763,1.4272532500134898,1.2882883245974974,1.2728336333130001
1.2276241838124815,1.6127683553501244,1.4953609288618686,1.503215235721369
0.6794157619025335,1.1114312059698774,0.9106868426822725,0.7963066078569733
0.30615910379133726,0.6618526657960632,0.42987216502800296,0.5143156176922522
-0.7187219225817382,-0.4825594060947522,-0.726160995741645,-0.5332639387385555
-0.9623738792315142,-1.0932198722547457,-0.888074225866023,-0.5820886296003208
-1.4893438754428636,-1.4381324658020427,-1.2841337837905282,-0.9521178152262323
-0.9799990192419596,-0.8097535672388113,-0.7874405457764779,-0.5677348082612106
-0.42406418745978935,-0.37564619959236334,-0.2869962756060635,-0.11113181036017082
0.27046745521640747,0.19899884511843435,0.19944711859991024,0.25832439598014023
0.7461994501710466,0.4861558711722573,0.581871288968559,0.6269925178840273
0.6136839747330345,0.7235127264790696,0.5448940351704343,0.4800987502477623
0.7901095778567429,1.077267451580643,1.0017187215845802,1.1441099031902404
0.8757108252518369,1.3640807635483863,1.1036070748278997,1.2147585066487334
0.9539735741642158,1.2515437322338798,1.0111585224297666,1.1658262198984513
0.4016090881799421,0.6337888233310564,0.24552839290699768,0.13420417534416623
-0.6789174155144183,-0.4077611622343832,-0.8206234549145976,-0.8221869033372553
-1.1753751157334738,-0.9323034274056651,-0.9723422553273504,-0.8813726199550551
-1.434944777772647,-1.1459449375688069,-1.0716033531943128,-0.6161797326502783
-0.9120165449267582,-0.6075960860715,-0.44323551219656315,-0.13349813870848795
-0.05158339825521962,-0.023193631258956477,0.012947946883203078,0.1250741560676534
0.49012266657306236,0.523681844661886,0.5332856477097847,0.5242210632104529
0.9169487608132552,0.9144221755338809,0.94590419632491,0.7642244180634837
0.8450105602787081,1.0785738745461395,1.0701105957537573,0.8322059144379728
0.9344978187338183,1.3671796222107664,1.2010097756502307,1.017453889609924
1.1336777892756116,1.4985219587520948,1.2878192470375516,1.3174257000024732
1.0025457703458192,1.3080437853189633,1.1520356250358041,1.224430669455379
0.5467063394813451,0.6401765703512462,0.6496810810747241,0.724942592621352
-0.6588193967192563,-0.47118272106617276,-0.4499617285555273,-0.4550072680029635
-1.730155141338774,-1.5057051754232127,-1.8042621197472537,-1.4318768655848026
-1.5194905937976753,-1.4902576608173064,-1.4914064397281384,-1.2917664658347823
-0.7857358867699531,-1.0364141964019395,-0.952764724070716,-0.771218498970544
-0.4850593869454787,-0.4578573122688259,-0.6301652470589348,-0.5425803963409143
-0.13744332360281963,-0.17872881508614438,-0.34363780368239194,-0.44334071372756356
0.42643566751726447,0.5337931434598521,0.31660329736997184,0.0839136233644361
0.47777278853071353,0.5890499286576315,0.5596346518754715,0.42288336162694384
0.767701640132015,1.011445927539654,1.0085400381983702,0.9656449220773685
0.3900584141654669,0.9102096320639285,1.0137741865035985,1.0520180381752644
0.31016339932996423,0.880496840150753,0.8211089807582912,0.8471125315248917
-0.43084562471483673,0.20702319450699855,0.097294627740565,0.1250741560676534
-0.8271058221039269,-0.5258165830440436,-0.8162478713530182,-0.7257787059558283
-0.9316930048114359,-1.1423477161881517,-1.0175519792419643,-0.7168797054410866
-1.1832143480817179,-1.2128953379275376,-1.2095128189372968,-0.7879804272933516
-0.8050679640844391,-0.7319666129791098,-0.8911549622931574,-0.5071998545499288
-0.18438448947466807,-0.21799509739339956,-0.2890209822092974,-0.21371054596697023
0.42073044661234493,0.18621850600052867,0.2440350560073294,0.22303029284554768
0.9122836360438682,0.8795470373159802,0.7619181029474162,0.9616115601551367
0.9380963161220757,0.9857628609616215,0.835247452953147,1.0546063585228715
1.0045504908438816,1.1649265421408719,0.9035799908050335,1.1372448763475014
0.7857529263969142,0.8056422738893491,0.6625050598271806,0.7905082426806963
0.6270900128593804,0.5276201674693852,0.3865818682198072,0.472508646662349
0.05190494075985749,-0.13142014695647852,-0.22936041260441137,-0.169457981469638
-0.872144015433995,-1.2342451270533488,-1.211520479400654,-1.7003151428673193
-1.9583347002562417,-2.039532720061446,-1.9399765786425744,-2.248137871688799
-2.0103561356788666,-2.3000797977813794,-2.066263705293231,-2.1260287738487835
-1.406736507445488,-1.3461439790922578,-1.5339292846205828,-1.4153095318494957
-0.4347324562992215,-0.5409090056798178,-0.40785681622631614,-0.6178246856522198
-0.3344911177510833,-0.21281577118582187,-0.03685760096962272,-0.25540236283459267
0.23141911346403607,0.44613537618485843,0.5825032218396866,0.36126077079719726
0.5990269402531755,0.9022308734716965,0.9415978469961015,0.838606648288439
1.035928561862256,1.3005041583924286,1.1485718102604416,1.125341478345107
1.2174427395165441,1.4261182830068564,1.160428057682553,1.2412677623235533
0.9262540925134972,1.120430541884735,0.6667630567283078,0.842863633787751
0.43717346079297104,0.5180419926051484,0.10455162313500364,0.29943827921521116
-0.5702313505323072,-0.5805173624446646,-0.8667125852225881,-0.7601652713437955
-1.4794552434589052,-1.773488567500182,-1.745043716506407,-1.8667223692649106
-1.5235662361284943,-1.3287507875137723,-1.4759055034961974,-1.32127814667595
-0.9813635273120898,-0.9249027086186534,-1.0416649632238268,-1.173522922737813
0.035273474426525765,-0.19227269558433693,-0.33214600529123917,-0.4346523762887864
0.49319989991471697,0.33573732387793115,0.29925831437213607,0.22110302586339334
0.92108855310874,0.8676399549133041,0.6521295592198882,0.74652449375907
0.9432284889414324,1.2143849852644082,0.8515402246298984,1.0739298949522347
0.9909893109886402,1.1891578562785527,0.8034554494372692,0.9270409021877233
1.191827098401802,1.418159652395588,1.0304481959597107,1.1259694234862265
0.9621310126225505,1.2077931720421993,0.7746909788550218,0.7803241726918848
0.5949068659883423,0.9172261394002268,0.39282337075794616,0.481781517434372
-0.6042444505003424,-0.24152373006542924,-0.8177047896969589,-0.7638390583000431
-1.395625110453326,-1.4502819436223329,-1.5177741624471754,-1.4252165601540692
-1.9855550317155723,-2.1236365247801343,-2.148099685734809,-1.866722369264911
-1.4502491020525254,-1.5482230034288078,-1.2524379505794636,-1.4385825100795337
-0.38769612857798075,-0.6375775426697434,-0.4794608122282797,-0.7455745936224123
0.3399669056475922,-0.09665406799015241,0.16393884122195893,-0.11347168917142916
0.7105066150710733,0.4607314128467818,0.5736390747241239,0.47588560129616897
