Fecha,R1,R2,R3,R4
16/01/1970 00:00,178.1,164.3,163.8,181.4
16/02/1970 00:00,107.3,83.2,102.9,74.5
16/03/1970 00:00,111.1,94.0,86.6,76.6
16/04/1970 00:00,97.8,73.1,62.1,51.0
16/05/1970 00:00,45.4,32.5,15.8,14.2
16/06/1970 00:00,16.6,3.8,7.1,4.7
16/07/1970 00:00,16.2,2.8,7.1,12.7
16/08/1970 00:00,4.7,5.3,5.5,2.6
16/09/1970 00:00,37.0,68.8,58.0,34.8
16/10/1970 00:00,65.7,48.1,55.5,45.6
16/11/1970 00:00,52.3,42.2,42.8,35.1
16/12/1970 00:00,139.7,119.3,118.6,93.0
16/01/1971 00:00,103.1,100.5,118.5,87.9
16/02/1971 00:00,141.6,157.4,142.5,102.4
16/03/1971 00:00,85.4,117.4,124.6,94.8
16/04/1971 00:00,45.5,34.3,37.5,42.8
16/05/1971 00:00,35.7,10.3,9.4,9.8
16/06/1971 00:00,8.7,4.9,10.1,12.9
16/07/1971 00:00,11.5,2.1,6.1,2.0
16/08/1971 00:00,34.9,15.2,29.5,10.0
16/09/1971 00:00,25.5,6.8,13.1,4.7
16/10/1971 00:00,128.2,29.0,53.7,36.6
16/11/1971 00:00,58.1,22.1,63.9,44.8
16/12/1971 00:00,113.4,87.6,101.1,102.0
16/01/1972 00:00,105.9,97.7,124.1,87.8
16/02/1972 00:00,93.4,87.5,97.0,52.3
16/03/1972 00:00,183.4,132.4,144.8,116.2
16/04/1972 00:00,80.8,95.3,92.2,45.9
16/05/1972 00:00,34.9,24.4,22.5,17.7
16/06/1972 00:00,6.5,2.2,1.2,3.0
16/07/1972 00:00,13.7,15.4,13.6,11.5
16/08/1972 00:00,24.0,2.5,7.6,6.0
16/09/1972 00:00,32.2,49.3,32.1,26.7
16/10/1972 00:00,45.7,43.3,48.4,31.0
16/11/1972 00:00,43.5,49.0,56.3,43.3
16/12/1972 00:00,78.3,97.8,97.3,53.3
16/01/1973 00:00,167.8,170.4,147.0,113.0
16/02/1973 00:00,139.8,167.3,147.6,161.3
16/03/1973 00:00,139.8,199.5,148.6,111.7
16/04/1973 00:00,62.7,108.3,52.2,42.0
16/05/1973 00:00,15.8,15.6,14.6,11.9
16/06/1973 00:00,26.2,9.9,11.5,11.1
16/07/1973 00:00,38.1,8.2,21.8,20.4
16/08/1973 00:00,36.3,22.1,22.9,23.5
16/09/1973 00:00,72.6,41.9,38.7,30.0
16/10/1973 00:00,103.3,66.9,87.3,62.4
16/11/1973 00:00,79.3,52.8,53.0,58.4
16/12/1973 00:00,157.6,134.8,83.6,99.9
16/01/1974 00:00,142.3,182.7,131.5,148.9
16/02/1974 00:00,129.8,200.8,157.9,144.7
16/03/1974 00:00,90.7,120.7,99.5,102.0
16/04/1974 00:00,37.9,38.5,48.9,43.5
16/05/1974 00:00,14.9,6.8,5.6,5.1
16/06/1974 00:00,20.7,13.6,21.1,11.4
16/07/1974 00:00,6.2,2.0,4.7,0.6
16/08/1974 00:00,30.7,40.6,29.0,24.5
16/09/1974 00:00,20.5,29.4,17.3,13.8
16/10/1974 00:00,45.2,26.9,49.2,33.3
16/11/1974 00:00,45.4,45.5,54.2,18.9
16/12/1974 00:00,82.9,43.3,57.7,45.9
16/01/1975 00:00,113.2,113.4,114.2,131.0
16/02/1975 00:00,146.0,120.8,129.6,82.1
16/03/1975 00:00,165.8,172.9,126.9,100.2
16/04/1975 00:00,40.0,40.8,38.7,33.9
16/05/1975 00:00,54.3,44.9,48.2,30.3
16/06/1975 00:00,12.5,14.1,4.5,3.3
16/07/1975 00:00,10.8,2.5,4.1,1.6
16/08/1975 00:00,22.5,14.7,20.9,5.7
16/09/1975 00:00,77.4,31.7,60.3,34.2
16/10/1975 00:00,65.9,37.1,74.5,34.3
16/11/1975 00:00,74.3,57.9,74.6,40.7
16/12/1975 00:00,103.2,93.7,113.9,117.1
16/01/1976 00:00,137.3,151.7,135.8,124.2
16/02/1976 00:00,137.1,166.3,141.8,112.7
16/03/1976 00:00,134.4,131.0,115.2,94.9
16/04/1976 00:00,41.8,34.0,33.7,26.8
16/05/1976 00:00,29.8,19.7,32.6,19.3
16/06/1976 00:00,15.2,21.2,21.9,23.5
16/07/1976 00:00,7.0,8.2,6.4,6.6
16/08/1976 00:00,21.1,24.2,16.3,10.7
16/09/1976 00:00,43.1,68.0,39.9,55.4
16/10/1976 00:00,38.8,5.3,20.6,16.5
16/11/1976 00:00,60.2,27.8,27.4,21.2
16/12/1976 00:00,88.9,79.0,63.3,62.9
16/01/1977 00:00,131.6,72.5,75.3,58.8
16/02/1977 00:00,119.3,159.0,128.6,131.1
16/03/1977 00:00,92.6,117.5,97.8,62.7
16/04/1977 00:00,42.6,50.2,58.3,16.9
16/05/1977 00:00,45.4,29.7,35.8,11.8
16/06/1977 00:00,6.6,2.6,2.6,0.4
16/07/1977 00:00,6.8,14.1,5.5,5.5
16/08/1977 00:00,14.0,3.4,5.2,6.2
16/09/1977 00:00,62.5,33.3,35.7,34.6
16/10/1977 00:00,54.6,47.4,43.4,29.3
16/11/1977 00:00,150.8,111.9,126.5,96.9
16/12/1977 00:00,111.3,72.6,100.3,98.9
16/01/1978 00:00,168.6,153.2,169.7,180.7
16/02/1978 00:00,124.1,109.0,117.5,91.0
16/03/1978 00:00,83.2,91.6,88.5,77.7
16/04/1978 00:00,66.3,43.3,50.5,33.5
16/05/1978 00:00,34.5,5.5,12.1,16.0
16/06/1978 00:00,1.9,4.7,7.3,10.5
16/07/1978 00:00,9.2,7.2,7.6,0.9
16/08/1978 00:00,14.2,1.9,6.7,1.9
16/09/1978 00:00,78.3,46.3,58.3,46.0
16/10/1978 00:00,41.5,53.2,49.2,41.1
16/11/1978 00:00,131.5,99.1,99.3,44.7
16/12/1978 00:00,83.6,79.8,93.3,66.9
16/01/1979 00:00,112.4,72.1,88.1,80.9
16/02/1979 00:00,154.4,129.9,103.0,73.6
16/03/1979 00:00,178.3,130.3,126.9,116.0
16/04/1979 00:00,76.7,51.8,55.1,47.5
16/05/1979 00:00,19.9,18.3,17.4,16.5
16/06/1979 00:00,0.0,1.4,5.0,0.3
16/07/1979 00:00,10.9,5.5,6.7,16.5
16/08/1979 00:00,23.3,9.1,16.2,17.4
16/09/1979 00:00,44.8,15.0,16.0,17.6
16/10/1979 00:00,53.3,26.0,29.4,28.4
16/11/1979 00:00,92.4,41.4,80.9,59.2
16/12/1979 00:00,91.4,57.9,86.2,71.2
16/01/1980 00:00,103.4,92.6,87.3,50.0
16/02/1980 00:00,94.4,78.5,103.3,74.5
16/03/1980 00:00,103.5,114.4,116.9,102.3
16/04/1980 00:00,31.1,36.5,23.4,10.5
16/05/1980 00:00,26.1,16.7,8.2,17.4
16/06/1980 00:00,7.3,8.1,1.0,1.8
16/07/1980 00:00,16.3,12.2,9.3,14.0
16/08/1980 00:00,19.5,5.5,17.7,13.0
16/09/1980 00:00,18.4,27.7,27.2,30.3
16/10/1980 00:00,106.0,140.5,90.9,78.1
16/11/1980 00:00,92.5,72.0,60.1,44.0
16/12/1980 00:00,74.9,57.9,64.4,40.2
16/01/1981 00:00,188.2,145.6,126.4,81.1
16/02/1981 00:00,230.7,194.7,175.8,159.4
16/03/1981 00:00,198.9,109.0,92.4,68.8
16/04/1981 00:00,50.8,42.0,37.2,26.7
16/05/1981 00:00,18.8,3.0,16.3,5.7
16/06/1981 00:00,6.5,0.0,0.5,1.1
16/07/1981 00:00,0.6,0.0,0.0,0.0
16/08/1981 00:00,59.6,39.6,36.0,19.4
16/09/1981 00:00,63.8,34.6,44.9,48.5
16/10/1981 00:00,129.4,63.2,91.3,83.8
16/11/1981 00:00,121.9,70.5,100.4,71.9
16/12/1981 00:00,133.1,105.9,115.7,87.2
16/01/1982 00:00,136.2,126.3,131.3,101.8
16/02/1982 00:00,143.5,165.3,139.4,130.0
16/03/1982 00:00,98.8,97.4,74.1,92.6
16/04/1982 00:00,51.3,60.0,45.9,34.9
16/05/1982 00:00,21.7,5.8,2.5,49.9
16/06/1982 00:00,17.5,1.8,10.5,9.1
16/07/1982 00:00,15.5,4.3,5.7,1.4
16/08/1982 00:00,32.4,30.2,21.8,28.6
16/09/1982 00:00,53.4,45.3,42.3,49.7
16/10/1982 00:00,113.0,74.5,92.8,56.4
16/11/1982 00:00,132.4,87.3,111.2,91.8
16/12/1982 00:00,100.6,80.6,80.1,43.0
16/01/1983 00:00,178.2,101.1,97.9,84.7
16/02/1983 00:00,63.4,58.5,72.0,54.9
16/03/1983 00:00,181.6,124.6,107.0,76.5
16/04/1983 00:00,73.7,68.7,42.2,41.9
16/05/1983 00:00,19.3,21.8,18.9,8.5
16/06/1983 00:00,27.1,8.3,15.9,20.7
16/07/1983 00:00,12.8,1.9,1.9,11.9
16/08/1983 00:00,23.9,6.9,4.6,13.0
16/09/1983 00:00,54.6,62.7,48.3,32.0
16/10/1983 00:00,53.2,44.0,41.2,32.9
16/11/1983 00:00,57.0,43.9,51.1,24.5
16/12/1983 00:00,123.4,97.0,70.1,48.2
16/01/1984 00:00,123.6,184.9,175.5,124.7
16/02/1984 00:00,199.1,241.0,217.5,174.4
16/03/1984 00:00,135.4,150.5,127.2,87.8
16/04/1984 00:00,63.4,72.3,54.3,34.9
16/05/1984 00:00,28.5,19.6,18.3,7.5
16/06/1984 00:00,29.3,19.0,17.2,14.4
16/07/1984 00:00,12.7,1.5,4.7,3.2
16/08/1984 00:00,29.5,16.3,11.7,16.8
16/09/1984 00:00,15.6,13.0,19.0,11.7
16/10/1984 00:00,71.6,49.8,78.4,33.3
16/11/1984 00:00,82.5,90.8,123.8,62.1
16/12/1984 00:00,96.6,115.7,95.4,77.2
16/01/1985 00:00,104.3,110.2,95.8,79.8
16/02/1985 00:00,105.3,91.1,106.5,71.1
16/03/1985 00:00,98.7,121.8,114.6,85.8
16/04/1985 00:00,115.7,90.5,70.6,42.2
16/05/1985 00:00,32.2,38.4,23.2,23.2
16/06/1985 00:00,16.8,25.9,21.3,12.2
16/07/1985 00:00,15.2,3.2,3.8,0.7
16/08/1985 00:00,5.7,6.5,4.6,5.3
16/09/1985 00:00,107.6,54.3,74.7,39.3
16/10/1985 00:00,49.1,15.2,39.2,24.4
16/11/1985 00:00,68.6,26.7,65.5,34.8
16/12/1985 00:00,144.6,97.3,130.2,73.1
16/01/1986 00:00,161.7,175.7,153.7,107.7
16/02/1986 00:00,164.3,200.7,217.4,177.9
16/03/1986 00:00,156.9,138.3,167.5,158.2
16/04/1986 00:00,89.3,94.1,83.6,69.5
16/05/1986 00:00,38.2,26.3,17.8,14.7
16/06/1986 00:00,2.8,0.3,0.0,0.5
16/07/1986 00:00,7.0,10.5,7.6,4.3
16/08/1986 00:00,28.7,28.2,27.2,26.5
16/09/1986 00:00,58.3,40.3,45.6,43.5
16/10/1986 00:00,47.5,26.5,26.1,15.5
16/11/1986 00:00,44.2,45.6,59.8,25.9
16/12/1986 00:00,144.8,108.1,107.5,47.1
16/01/1987 00:00,194.3,157.2,145.6,84.1
16/02/1987 00:00,108.6,95.0,109.8,64.7
16/03/1987 00:00,90.8,71.0,74.3,44.1
16/04/1987 00:00,45.4,41.2,30.3,15.6
16/05/1987 00:00,21.0,11.8,13.6,25.9
16/06/1987 00:00,10.1,11.0,15.1,7.5
16/07/1987 00:00,16.4,12.6,15.6,11.4
16/08/1987 00:00,19.6,22.4,5.1,0.9
16/09/1987 00:00,48.2,20.3,22.1,17.0
16/10/1987 00:00,57.8,38.6,34.8,50.8
16/11/1987 00:00,91.5,68.9,59.3,64.9
16/12/1987 00:00,106.4,90.4,90.2,83.9
16/01/1988 00:00,219.8,140.2,163.2,110.7
16/02/1988 00:00,135.0,92.6,123.6,100.4
16/03/1988 00:00,112.0,120.5,110.8,105.8
16/04/1988 00:00,94.3,75.8,59.9,56.0
16/05/1988 00:00,30.1,20.9,16.7,16.6
16/06/1988 00:00,2.4,4.6,0.8,1.1
16/07/1988 00:00,0.0,1.7,1.0,0.2
16/08/1988 00:00,2.5,2.5,2.0,0.0
16/09/1988 00:00,19.5,16.6,34.0,13.1
16/10/1988 00:00,59.6,48.9,47.7,30.1
16/11/1988 00:00,33.7,28.0,39.9,35.0
16/12/1988 00:00,110.4,82.5,102.1,91.3
16/01/1989 00:00,153.3,181.7,109.1,68.4
16/02/1989 00:00,175.2,120.3,128.2,76.4
16/03/1989 00:00,132.1,178.8,164.0,149.7
16/04/1989 00:00,89.7,85.2,59.2,43.4
16/05/1989 00:00,20.2,5.9,18.3,13.1
16/06/1989 00:00,31.4,11.8,14.4,8.5
16/07/1989 00:00,4.6,2.2,6.2,0.6
16/08/1989 00:00,50.4,18.2,21.2,13.7
16/09/1989 00:00,48.0,21.8,36.6,22.9
16/10/1989 00:00,98.1,49.4,77.1,43.3
16/11/1989 00:00,71.0,32.0,44.3,34.5
16/12/1989 00:00,91.1,56.6,76.4,25.1
16/01/1990 00:00,161.3,124.6,123.6,63.2
16/02/1990 00:00,86.8,78.8,75.1,30.6
16/03/1990 00:00,49.5,105.8,68.3,58.8
16/04/1990 00:00,71.1,22.8,44.8,35.5
16/05/1990 00:00,40.3,18.7,28.2,13.1
16/06/1990 00:00,61.1,23.1,71.9,38.9
16/07/1990 00:00,12.8,10.7,11.0,3.4
16/08/1990 00:00,22.9,12.1,27.1,29.4
16/09/1990 00:00,52.5,12.8,40.6,27.8
16/10/1990 00:00,140.0,63.5,80.4,54.9
16/11/1990 00:00,108.2,92.0,100.7,67.4
16/12/1990 00:00,120.3,110.0,75.6,82.1
16/01/1991 00:00,54.8,65.5,56.1,60.0
16/02/1991 00:00,83.2,62.3,56.3,38.2
16/03/1991 00:00,158.7,103.2,114.3,51.1
16/04/1991 00:00,45.1,60.9,41.7,15.7
16/05/1991 00:00,47.0,14.5,24.6,11.3
16/06/1991 00:00,20.6,14.5,18.0,17.1
16/07/1991 00:00,5.1,6.4,3.0,0.7
16/08/1991 00:00,0.3,7.0,2.0,2.0
16/09/1991 00:00,55.9,11.9,43.6,20.8
16/10/1991 00:00,46.0,29.1,38.6,31.4
16/11/1991 00:00,80.7,48.4,39.8,32.7
16/12/1991 00:00,59.2,29.5,30.0,27.1
16/01/1992 00:00,63.6,53.1,59.7,25.3
16/02/1992 00:00,87.3,53.7,74.7,46.9
16/03/1992 00:00,82.8,72.3,69.3,25.4
16/04/1992 00:00,47.8,28.7,25.8,7.0
16/05/1992 00:00,2.8,5.6,3.0,0.1
16/06/1992 00:00,23.9,19.9,16.3,7.3
16/07/1992 00:00,8.3,20.5,6.7,1.7
16/08/1992 00:00,14.8,15.1,21.3,11.0
16/09/1992 00:00,32.3,11.2,23.9,7.4
16/10/1992 00:00,76.7,49.2,52.8,21.2
16/11/1992 00:00,56.6,34.1,36.6,31.0
16/12/1992 00:00,61.2,42.3,38.2,24.9
16/01/1993 00:00,164.6,146.4,113.8,76.4
16/02/1993 00:00,169.3,156.4,115.8,67.5
16/03/1993 00:00,120.9,120.8,86.3,43.3
16/04/1993 00:00,97.7,112.9,59.2,30.4
16/05/1993 00:00,42.5,33.2,19.8,16.9
16/06/1993 00:00,5.6,9.9,2.1,5.3
16/07/1993 00:00,17.0,12.3,11.7,7.3
16/08/1993 00:00,7.0,15.2,15.4,30.2
16/09/1993 00:00,68.1,37.9,43.0,23.9
16/10/1993 00:00,83.8,72.9,70.2,29.5
16/11/1993 00:00,178.8,120.8,121.4,59.0
16/12/1993 00:00,122.4,166.0,114.2,97.2
16/01/1994 00:00,147.6,147.8,126.3,76.6
16/02/1994 00:00,152.7,189.2,125.1,91.7
16/03/1994 00:00,134.5,171.3,106.7,66.8
16/04/1994 00:00,105.3,118.8,64.0,35.7
16/05/1994 00:00,31.6,27.5,15.7,8.7
16/06/1994 00:00,2.3,4.5,3.8,3.4
16/07/1994 00:00,8.4,4.6,0.9,0.1
16/08/1994 00:00,7.3,5.7,6.0,2.7
16/09/1994 00:00,45.4,34.6,22.1,12.6
16/10/1994 00:00,64.0,46.1,57.2,27.5
16/11/1994 00:00,67.8,56.1,54.8,38.6
16/12/1994 00:00,107.3,89.0,92.8,61.6
16/01/1995 00:00,82.5,143.5,74.8,75.8
16/02/1995 00:00,100.0,114.7,109.2,98.0
16/03/1995 00:00,173.8,140.3,128.0,71.0
16/04/1995 00:00,51.5,67.2,39.6,20.8
16/05/1995 00:00,32.1,9.3,11.4,13.7
16/06/1995 00:00,3.6,2.4,3.7,7.6
16/07/1995 00:00,13.6,2.8,9.2,10.9
16/08/1995 00:00,7.5,4.0,7.7,2.4
16/09/1995 00:00,34.3,36.8,31.6,20.3
16/10/1995 00:00,51.6,65.1,43.8,28.2
16/11/1995 00:00,92.8,85.4,67.8,65.6
16/12/1995 00:00,86.8,68.5,95.1,72.2
16/01/1996 00:00,113.5,149.9,97.2,80.2
16/02/1996 00:00,108.1,168.8,114.5,109.4
16/03/1996 00:00,115.6,135.9,105.7,94.1
16/04/1996 00:00,84.9,79.5,44.0,36.2
16/05/1996 00:00,31.8,38.1,6.7,4.9
16/06/1996 00:00,4.4,0.2,1.2,0.5
16/07/1996 00:00,0.6,2.0,1.8,0.5
16/08/1996 00:00,11.4,21.1,11.7,4.9
16/09/1996 00:00,37.1,32.6,22.0,26.8
16/10/1996 00:00,83.6,55.4,54.7,36.6
16/11/1996 00:00,59.1,50.8,52.5,53.9
16/12/1996 00:00,114.1,94.9,101.3,70.0
16/01/1997 00:00,98.5,161.6,127.1,92.1
16/02/1997 00:00,144.4,145.5,129.0,93.9
16/03/1997 00:00,99.8,65.6,86.2,79.5
16/04/1997 00:00,54.0,48.9,45.7,35.5
16/05/1997 00:00,25.4,17.3,14.6,11.9
16/06/1997 00:00,4.3,1.7,2.1,1.8
16/07/1997 00:00,8.5,3.4,2.8,1.9
16/08/1997 00:00,33.6,39.7,19.4,17.3
16/09/1997 00:00,59.0,58.3,42.6,34.5
16/10/1997 00:00,77.2,59.1,35.1,34.2
16/11/1997 00:00,87.0,101.3,73.3,62.8
16/12/1997 00:00,100.9,137.3,104.1,53.2
16/01/1998 00:00,137.6,179.3,127.5,75.2
16/02/1998 00:00,162.1,140.5,106.4,83.3
16/03/1998 00:00,104.8,131.3,98.7,74.0
16/04/1998 00:00,70.8,67.3,51.0,12.6
16/05/1998 00:00,12.7,8.7,5.1,2.1
16/06/1998 00:00,6.5,13.6,7.4,5.4
16/07/1998 00:00,0.1,0.0,1.2,1.8
16/08/1998 00:00,11.4,9.4,15.0,5.1
16/09/1998 00:00,36.9,23.9,15.5,5.2
16/10/1998 00:00,137.6,68.0,101.0,57.7
16/11/1998 00:00,75.3,75.1,62.0,34.7
16/12/1998 00:00,66.9,91.2,88.8,92.6
16/01/1999 00:00,115.4,116.7,116.9,83.2
16/02/1999 00:00,155.8,165.5,134.2,108.9
16/03/1999 00:00,121.0,125.3,91.3,68.4
16/04/1999 00:00,79.9,102.2,65.6,34.8
16/05/1999 00:00,35.8,43.1,11.5,9.2
16/06/1999 00:00,23.9,7.0,9.8,1.2
16/07/1999 00:00,15.8,10.5,7.8,12.4
16/08/1999 00:00,6.2,3.0,5.0,1.5
16/09/1999 00:00,77.8,36.8,50.5,41.2
16/10/1999 00:00,51.8,76.3,48.7,27.6
16/11/1999 00:00,63.0,49.4,67.4,46.4
16/12/1999 00:00,121.4,109.6,79.3,67.0
16/01/2000 00:00,156.3,188.0,126.5,121.6
16/02/2000 00:00,137.8,201.9,146.5,118.0
16/03/2000 00:00,143.3,159.6,118.0,88.6
16/04/2000 00:00,40.3,50.5,29.1,23.0
16/05/2000 00:00,42.8,26.3,21.1,25.4
16/06/2000 00:00,7.8,10.0,9.0,6.1
16/07/2000 00:00,22.6,22.1,14.0,7.6
16/08/2000 00:00,32.2,24.8,18.5,9.6
16/09/2000 00:00,12.8,16.7,24.4,15.8
16/10/2000 00:00,85.2,93.2,77.4,43.9
16/11/2000 00:00,57.3,48.3,23.9,37.1
16/12/2000 00:00,116.4,115.1,85.9,56.6
16/01/2001 00:00,153.2,189.2,156.8,141.9
16/02/2001 00:00,102.7,124.7,109.1,71.1
16/03/2001 00:00,131.7,165.9,131.8,97.3
16/04/2001 00:00,45.8,59.9,36.1,28.1
16/05/2001 00:00,42.0,29.7,29.8,34.6
16/06/2001 00:00,11.7,4.4,6.4,1.4
16/07/2001 00:00,26.2,13.2,24.9,25.0
16/08/2001 00:00,9.4,12.6,7.8,14.5
16/09/2001 00:00,43.0,40.3,35.2,22.4
16/10/2001 00:00,75.1,51.8,67.0,58.8
16/11/2001 00:00,96.1,85.0,63.5,49.8
16/12/2001 00:00,120.9,86.7,90.4,65.4
16/01/2002 00:00,51.8,95.7,61.2,40.7
16/02/2002 00:00,127.4,160.2,142.4,142.3
16/03/2002 00:00,136.9,156.6,110.2,76.9
16/04/2002 00:00,66.9,67.3,43.2,32.7
16/05/2002 00:00,30.3,26.3,18.4,8.7
16/06/2002 00:00,5.8,7.8,4.0,5.9
16/07/2002 00:00,29.1,23.3,33.4,29.7
16/08/2002 00:00,15.2,13.2,12.6,23.3
16/09/2002 00:00,39.4,46.0,49.3,40.8
16/10/2002 00:00,115.6,86.8,80.6,53.3
16/11/2002 00:00,93.2,97.3,83.4,67.1
16/12/2002 00:00,115.2,122.4,119.5,71.7
16/01/2003 00:00,101.9,123.2,104.3,62.7
16/02/2003 00:00,110.3,167.7,109.7,94.2
16/03/2003 00:00,155.4,157.2,137.7,120.3
16/04/2003 00:00,75.1,73.3,76.1,47.0
16/05/2003 00:00,27.0,20.9,18.0,19.5
16/06/2003 00:00,2.7,0.9,0.6,2.8
16/07/2003 00:00,6.6,5.7,1.4,0.4
16/08/2003 00:00,36.5,21.5,28.3,24.0
16/09/2003 00:00,50.7,23.5,27.3,25.6
16/10/2003 00:00,34.1,51.4,24.0,13.9
16/11/2003 00:00,74.8,51.7,53.2,30.6
16/12/2003 00:00,129.1,128.8,104.3,68.9
16/01/2004 00:00,42.3,61.4,59.9,49.7
16/02/2004 00:00,124.6,137.5,131.1,102.2
16/03/2004 00:00,65.4,106.7,105.3,82.0
16/04/2004 00:00,30.1,55.1,24.5,19.4
16/05/2004 00:00,31.3,16.5,22.9,16.0
16/06/2004 00:00,29.0,18.3,18.5,17.1
16/07/2004 00:00,21.9,9.7,11.7,19.9
16/08/2004 00:00,13.8,12.7,12.5,12.1
16/09/2004 00:00,56.5,49.7,36.7,33.8
16/10/2004 00:00,83.7,59.6,60.6,41.3
16/11/2004 00:00,96.9,65.9,74.3,52.2
16/12/2004 00:00,142.5,173.6,115.7,126.7
16/01/2005 00:00,88.7,82.5,73.4,55.4
16/02/2005 00:00,110.0,107.0,86.6,65.2
16/03/2005 00:00,100.6,94.3,73.9,75.1
16/04/2005 00:00,60.5,29.5,30.9,14.7
16/05/2005 00:00,22.5,8.5,11.0,1.0
16/06/2005 00:00,3.8,1.6,0.7,0.0
16/07/2005 00:00,1.5,2.1,4.8,5.7
16/08/2005 00:00,20.8,4.1,8.2,2.5
16/09/2005 00:00,29.3,28.0,15.7,15.0
16/10/2005 00:00,76.3,56.4,74.6,41.3
16/11/2005 00:00,31.4,38.2,46.4,27.6
16/12/2005 00:00,100.8,122.0,100.0,73.3
16/01/2006 00:00,134.1,143.7,136.3,101.5
16/02/2006 00:00,112.6,130.6,86.5,70.6
16/03/2006 00:00,138.7,154.4,102.4,92.2
16/04/2006 00:00,74.5,67.6,45.7,40.2
16/05/2006 00:00,26.5,7.1,5.5,3.0
16/06/2006 00:00,12.0,10.2,11.3,7.4
16/07/2006 00:00,9.3,1.3,4.9,1.9
16/08/2006 00:00,24.3,23.5,14.7,16.9
16/09/2006 00:00,44.9,33.1,32.1,12.7
16/10/2006 00:00,112.2,68.4,58.8,41.1
16/11/2006 00:00,91.6,96.8,88.2,73.3
16/12/2006 00:00,121.0,131.4,85.2,75.3
16/01/2007 00:00,116.5,146.8,92.9,88.7
16/02/2007 00:00,101.0,90.7,79.7,51.1
16/03/2007 00:00,162.4,189.1,126.9,105.7
16/04/2007 00:00,69.4,93.6,46.2,37.5
16/05/2007 00:00,33.8,24.4,19.2,12.9
16/06/2007 00:00,6.6,1.3,0.4,0.0
16/07/2007 00:00,11.8,4.0,9.7,10.0
16/08/2007 00:00,8.5,5.3,2.0,2.3
16/09/2007 00:00,29.0,16.6,28.9,10.2
16/10/2007 00:00,93.8,58.0,61.2,38.9
16/11/2007 00:00,101.8,62.0,71.0,46.4
16/12/2007 00:00,90.1,99.1,87.4,70.1
